﻿[
    {
        "名称": "P1",
        "类型": [
            ["管道单元","P1"]
        ],
        "起点": 1,
        "终点": 2
    },
    {
        "名称": "P2",
        "类型": [
            ["管道单元","P2"]
        ],
        "起点": 2,
        "终点": 3
    },
    {
        "名称": "P3",
        "类型": [
            ["管道单元","P3"]
        ],
        "起点": 3,
        "终点": 4
    },
    {
        "名称": "P4",
        "类型": [
            ["管道单元","P4"]
        ],
        "起点": 4,
        "终点": 5
    },
    {
        "名称": "P5",
        "类型": [
            ["管道单元","P5"]
        ],
        "起点": 5,
        "终点": 6
    },
    {
        "名称": "P6",
        "类型": [
            ["管道单元","P6"]
        ],
        "起点": 3,
        "终点": 6
    },
    {
        "名称": "P7",
        "类型": [
            ["管道单元","P7"]
        ],
        "起点": 6,
        "终点": 7
    },
    {
        "名称": "P8",
        "类型": [
            ["管道单元","P8"]
        ],
        "起点": 7,
        "终点": 8
    },
    {
        "名称": "P9",
        "类型": [
            ["管道单元","P9"]
        ],
        "起点": 8,
        "终点": 9
    },
    {
        "名称": "P10",
        "类型": [
            ["管道单元","P10"]
        ],
        "起点": 7,
        "终点": 10
    },
    {
        "名称": "P11",
        "类型": [
            ["管道单元","P11"]
        ],
        "起点": 10,
        "终点": 11
    },
    {
        "名称": "P12",
        "类型": [
            ["管道单元","P12"]
        ],
        "起点": 11,
        "终点": 12
    },
    {
        "名称": "P13",
        "类型": [
            ["管道单元","P13"]
        ],
        "起点": 12,
        "终点": 13
    },
    {
        "名称": "P14",
        "类型": [
            ["管道单元","P14"]
        ],
        "起点": 13,
        "终点": 14
    },
    {
        "名称": "P15",
        "类型": [
            ["管道单元","P15"]
        ],
        "起点": 14,
        "终点": 9
    },
    {
        "名称": "P16",
        "类型": [
            ["管道单元","P16"]
        ],
        "起点": 9,
        "终点": 15
    },
    {
        "名称": "P17",
        "类型": [
            ["管道单元","P17"]
        ],
        "起点": 15,
        "终点": 16
    },
    {
        "名称": "P18",
        "类型": [
            ["管道单元","P18"]
        ],
        "起点": 16,
        "终点": 17
    },
    {
        "名称": "P19",
        "类型": [
            ["管道单元","P19"]
        ],
        "起点": 17,
        "终点": 18
    },
    {
        "名称": "P20",
        "类型": [
            ["管道单元","P20"]
        ],
        "起点": 18,
        "终点": 15
    },
    {
        "名称": "P21",
        "类型": [
            ["管道单元","P21"]
        ],
        "起点": 17,
        "终点": 19
    },
    {
        "名称": "P22",
        "类型": [
            ["管道单元","P22"]
        ],
        "起点": 19,
        "终点": 20
    },
    {
        "名称": "P23",
        "类型": [
            ["管道单元","P23"]
        ],
        "起点": 20,
        "终点": 21
    },
    {
        "名称": "P24",
        "类型": [
            ["管道单元","P24"]
        ],
        "起点": 21,
        "终点": 22
    },
    {
        "名称": "P25",
        "类型": [
            ["管道单元","P25"]
        ],
        "起点": 19,
        "终点": 22
    },
    {
        "名称": "P26",
        "类型": [
            ["管道单元","P26"]
        ],
        "起点": 22,
        "终点": 23
    },
    {
        "名称": "P27",
        "类型": [
            ["管道单元","P27"]
        ],
        "起点": 23,
        "终点": 2
    }
]