﻿[{
        "顺序": 1,
        "名称": "Tank-1",
        "类型": "source",
        "时间": [0],
        "压力": [700000],
        "质量流量": [66.484],
        "温度": [293],
        "边界类型": "P",
        "流体名称": "F1",
        "视图坐标":[10,10]
    },
    {
        "顺序": 2,
        "名称": "East-1",
        "类型": "junction",
        "时间": [0],
        "压力": [650000],
        "质量流量": [0],
        "温度": [293],
        "边界类型": "Q",
        "流体名称": "F1",
        "视图坐标":[100,50]
    },
    {
        "顺序": 3,
        "名称": "East-2",
        "类型": "junction",
        "时间": [0],
        "压力": [650000],
        "质量流量": [0],
        "温度": [293],
        "边界类型": "Q",
        "流体名称": "F1",
        "视图坐标":[150,50]
    },
    {
        "顺序": 4,
        "名称": "East-3",
        "类型": "junction",
        "时间": [0],
        "压力": [650000],
        "质量流量": [0],
        "温度": [293],
        "边界类型": "Q",
        "流体名称": "F1",
        "视图坐标":[150,150]
    },
    {
        "顺序": 5,
        "名称": "East-4",
        "类型": "junction",
        "时间": [0],
        "压力": [650000],
        "质量流量": [0],
        "温度": [293],
        "边界类型": "Q",
        "流体名称": "F1",
        "视图坐标":[200,150]
    },
    {
        "顺序": 6,
        "名称": "East-5",
        "类型": "junction",
        "时间": [0],
        "压力": [650000],
        "质量流量": [0],
        "温度": [293],
        "边界类型": "Q",
        "流体名称": "F1",
        "视图坐标":[200,50]
    },
    {
        "顺序": 7,
        "名称": "East-6",
        "类型": "junction",
        "时间": [0],
        "压力": [650000],
        "质量流量": [0],
        "温度": [293],
        "边界类型": "Q",
        "流体名称": "F1",
        "视图坐标":[300,50]
    },
    {
        "顺序": 8,
        "名称": "East-7",
        "类型": "junction",
        "时间": [0],
        "压力": [650000],
        "质量流量": [0],
        "温度": [293],
        "边界类型": "Q",
        "流体名称": "F1",
        "视图坐标":[550,50]
    },
    {
        "顺序": 9,
        "名称": "East-8",
        "类型": "junction",
        "时间": [0],
        "压力": [650000],
        "质量流量": [0],
        "温度": [293],
        "边界类型": "Q",
        "流体名称": "F1",
        "视图坐标":[550,150]
    },
    {
        "顺序": 10,
        "名称": "Gun-1",
        "类型": "sink",
        "时间": [0],
        "压力": [650000],
        "质量流量": [-13.2968],
        "温度": [293],
        "边界类型": "Q",
        "流体名称": "F1",
        "视图坐标":[300,150]
    },
    {
        "顺序": 11,
        "名称": "Gun-2",
        "类型": "sink",
        "时间": [0],
        "压力": [650000],
        "质量流量": [-13.2968],
        "温度": [293],
        "边界类型": "Q",
        "流体名称": "F1",
        "视图坐标":[350,150]
    },
    {
        "顺序": 12,
        "名称": "Gun-3",
        "类型": "sink",
        "时间": [0],
        "压力": [650000],
        "质量流量": [-13.2968],
        "温度": [293],
        "边界类型": "Q",
        "流体名称": "F1",
        "视图坐标":[400,150]
    },
    {
        "顺序": 13,
        "名称": "Gun-4",
        "类型": "sink",
        "时间": [0],
        "压力": [650000],
        "质量流量": [-13.2968],
        "温度": [293],
        "边界类型": "Q",
        "流体名称": "F1",
        "视图坐标":[450,150]
    },
    {
        "顺序": 14,
        "名称": "Gun-5",
        "类型": "sink",
        "时间": [0],
        "压力": [650000],
        "质量流量": [-13.2968],
        "温度": [293],
        "边界类型": "Q",
        "流体名称": "F1",
        "视图坐标":[500,150]
    },
    {
        "顺序": 15,
        "名称": "East-9",
        "类型": "junction",
        "时间": [0],
        "压力": [650000],
        "质量流量": [0],
        "温度": [293],
        "边界类型": "Q",
        "流体名称": "F1",
        "视图坐标":[550,250]
    },
    {
        "顺序": 16,
        "名称": "East-10",
        "类型": "junction",
        "时间": [0],
        "压力": [650000],
        "质量流量": [0],
        "温度": [293],
        "边界类型": "Q",
        "流体名称": "F1",
        "视图坐标":[450,250]
    },
    {
        "顺序": 17,
        "名称": "East-11",
        "类型": "junction",
        "时间": [0],
        "压力": [650000],
        "质量流量": [0],
        "温度": [293],
        "边界类型": "Q",
        "流体名称": "F1",
        "视图坐标":[450,350]
    },
    {
        "顺序": 18,
        "名称": "East-12",
        "类型": "junction",
        "时间": [0],
        "压力": [650000],
        "质量流量": [0],
        "温度": [293],
        "边界类型": "Q",
        "流体名称": "F1",
        "视图坐标":[550,350]
    },
    {
        "顺序": 19,
        "名称": "East-13",
        "类型": "junction",
        "时间": [0],
        "压力": [650000],
        "质量流量": [0],
        "温度": [293],
        "边界类型": "Q",
        "流体名称": "F1",
        "视图坐标":[300,350]
    },
    {
        "顺序": 20,
        "名称": "East-14",
        "类型": "junction",
        "时间": [0],
        "压力": [650000],
        "质量流量": [0],
        "温度": [293],
        "边界类型": "Q",
        "流体名称": "F1",
        "视图坐标":[300,250]
    },
    {
        "顺序": 21,
        "名称": "East-15",
        "类型": "junction",
        "时间": [0],
        "压力": [650000],
        "质量流量": [0],
        "温度": [293],
        "边界类型": "Q",
        "流体名称": "F1",
        "视图坐标":[200,250]
    },
    {
        "顺序": 22,
        "名称": "East-16",
        "类型": "junction",
        "时间": [0],
        "压力": [650000],
        "质量流量": [0],
        "温度": [293],
        "边界类型": "Q",
        "流体名称": "F1",
        "视图坐标":[200,350]
    },
    {
        "顺序": 23,
        "名称": "East-17",
        "类型": "junction",
        "时间": [0],
        "压力": [650000],
        "质量流量": [0],
        "温度": [293],
        "边界类型": "Q",
        "流体名称": "F1",
        "视图坐标":[100,350]
    }
]