﻿[
    {"节点编号":1,"节点类型":"弯头","坐标x":10256.2,"坐标y":8301},
    {"节点编号":2,"节点类型":"弯头","坐标x":10258.7,"坐标y":8298.5},
    {"节点编号":3,"节点类型":"弯头","坐标x":10793.9,"坐标y":9883.6},
    {"节点编号":4,"节点类型":"弯头","坐标x":10867,"坐标y":9810.5},
    {"节点编号":5,"节点类型":"弯头","坐标x":10963.4,"坐标y":8298.5},
    {"节点编号":6,"节点类型":"三通","坐标x":10963.4,"坐标y":8370.5},
    {"节点编号":7,"节点类型":"盲端","坐标x":10963.4,"坐标y":8370.9},
    {"节点编号":8,"节点类型":"弯头","坐标x":10963.7,"坐标y":9650},
    {"节点编号":9,"节点类型":"弯头","坐标x":10963.7,"坐标y":9710.4},
    {"节点编号":10,"节点类型":"弯头","坐标x":10971.4,"坐标y":9656.8},
    {"节点编号":11,"节点类型":"弯头","坐标x":10971.4,"坐标y":9708.7},
    {"节点编号":12,"节点类型":"三通","坐标x":10975.5,"坐标y":8370.5},
    {"节点编号":13,"节点类型":"盲端","坐标x":10975.5,"坐标y":8503.4},
    {"节点编号":14,"节点类型":"弯头","坐标x":10979.8,"坐标y":9726.5},
    {"节点编号":15,"节点类型":"盲端","坐标x":10979.8,"坐标y":9810.5},
    {"节点编号":16,"节点类型":"三通","坐标x":10983.5,"坐标y":8370.5},
    {"节点编号":17,"节点类型":"盲端","坐标x":10983.5,"坐标y":8503.4},
    {"节点编号":18,"节点类型":"弯头","坐标x":10987.8,"坐标y":9725.1},
    {"节点编号":19,"节点类型":"盲端","坐标x":10987.8,"坐标y":9810.5},
    {"节点编号":20,"节点类型":"弯头","坐标x":11008.8,"坐标y":8370.5},
    {"节点编号":21,"节点类型":"弯头","坐标x":11010.8,"坐标y":8372.5},
    {"节点编号":22,"节点类型":"弯头","坐标x":11018.5,"坐标y":9240.8},
    {"节点编号":23,"节点类型":"弯头","坐标x":11018.5,"坐标y":9422.4},
    {"节点编号":24,"节点类型":"弯头","坐标x":11018.5,"坐标y":9650},
    {"节点编号":25,"节点类型":"弯头","坐标x":11026.5,"坐标y":9240.8},
    {"节点编号":26,"节点类型":"弯头","坐标x":11026.5,"坐标y":9428.9},
    {"节点编号":27,"节点类型":"弯头","坐标x":11026.5,"坐标y":9656.8},
    {"节点编号":28,"节点类型":"弯头","坐标x":11111,"坐标y":9810.5},
    {"节点编号":29,"节点类型":"弯头","坐标x":11115,"坐标y":9814.5},
    {"节点编号":30,"节点类型":"弯头","坐标x":11272.5,"坐标y":8256},
    {"节点编号":31,"节点类型":"弯头","坐标x":11272.5,"坐标y":8372.5},
    {"节点编号":32,"节点类型":"弯头","坐标x":11344.5,"坐标y":9814.5},
    {"节点编号":33,"节点类型":"弯头","坐标x":11344.5,"坐标y":9958},
    {"节点编号":34,"节点类型":"弯头","坐标x":11631,"坐标y":8256},
    {"节点编号":35,"节点类型":"弯头","坐标x":11642.5,"坐标y":8244.5},
    {"节点编号":36,"节点类型":"弯头","坐标x":11755,"坐标y":9834},
    {"节点编号":37,"节点类型":"弯头","坐标x":11755,"坐标y":9958},
    {"节点编号":38,"节点类型":"弯头","坐标x":12286.5,"坐标y":9834},
    {"节点编号":39,"节点类型":"三通","坐标x":12421,"坐标y":8244.5},
    {"节点编号":40,"节点类型":"连接点","坐标x":12421,"坐标y":8254.8},
    {"节点编号":41,"节点类型":"连接点","坐标x":12477.6,"坐标y":8254.8},
    {"节点编号":42,"节点类型":"连接点","坐标x":12477.6,"坐标y":8509.8},
    {"节点编号":43,"节点类型":"弯头","坐标x":12517.9,"坐标y":8476.4},
    {"节点编号":44,"节点类型":"弯头","坐标x":12518.1,"坐标y":8502.4},
    {"节点编号":45,"节点类型":"源","坐标x":12525.3,"坐标y":8509.8},
    {"节点编号":46,"节点类型":"源","坐标x":12525.9,"坐标y":8502.4},
    {"节点编号":47,"节点类型":"弯头","坐标x":12859.5,"坐标y":8476.4},
    {"节点编号":48,"节点类型":"弯头","坐标x":12911.3,"坐标y":8498.9},
    {"节点编号":49,"节点类型":"盲端","坐标x":7269.7,"坐标y":8466.3},
    {"节点编号":50,"节点类型":"盲端","坐标x":7270,"坐标y":8476},
    {"节点编号":51,"节点类型":"盲端","坐标x":7533.2,"坐标y":9670},
    {"节点编号":52,"节点类型":"弯头","坐标x":7533.2,"坐标y":9810.5},
    {"节点编号":53,"节点类型":"弯头","坐标x":7726.4,"坐标y":8466.3},
    {"节点编号":54,"节点类型":"弯头","坐标x":7728.9,"坐标y":8476},
    {"节点编号":55,"节点类型":"弯头","坐标x":7731.5,"坐标y":8471.4},
    {"节点编号":56,"节点类型":"弯头","坐标x":7732.3,"坐标y":8479.4},
    {"节点编号":57,"节点类型":"弯头","坐标x":7766,"坐标y":9810.5},
    {"节点编号":58,"节点类型":"弯头","坐标x":7771,"坐标y":9805.5},
    {"节点编号":59,"节点类型":"弯头","坐标x":7823.5,"坐标y":9783.1},
    {"节点编号":60,"节点类型":"弯头","坐标x":7823.5,"坐标y":9805.5},
    {"节点编号":61,"节点类型":"弯头","坐标x":7879.9,"坐标y":8392.5},
    {"节点编号":62,"节点类型":"三通","坐标x":7879.9,"坐标y":8471.4},
    {"节点编号":63,"节点类型":"三通","坐标x":7879.9,"坐标y":8479.4},
    {"节点编号":64,"节点类型":"弯头","坐标x":7879.9,"坐标y":8511.1},
    {"节点编号":65,"节点类型":"盲端","坐标x":7888.9,"坐标y":9638.9},
    {"节点编号":66,"节点类型":"弯头","坐标x":7917.5,"坐标y":9638.9},
    {"节点编号":67,"节点类型":"弯头","坐标x":7917.5,"坐标y":9771.2},
    {"节点编号":68,"节点类型":"弯头","坐标x":7923.7,"坐标y":8511.1},
    {"节点编号":69,"节点类型":"弯头","坐标x":7923.7,"坐标y":8575.2},
    {"节点编号":70,"节点类型":"弯头","坐标x":7925.4,"坐标y":9587.6},
    {"节点编号":71,"节点类型":"弯头","坐标x":7925.4,"坐标y":9756.4},
    {"节点编号":72,"节点类型":"三通","坐标x":7941.1,"坐标y":9783.2},
    {"节点编号":73,"节点类型":"三通","坐标x":7941.2,"坐标y":9771.2},
    {"节点编号":74,"节点类型":"弯头","坐标x":7941.3,"坐标y":9756.4},
    {"节点编号":75,"节点类型":"弯头","坐标x":7980.1,"坐标y":8777},
    {"节点编号":76,"节点类型":"弯头","坐标x":7980.1,"坐标y":9091.5},
    {"节点编号":77,"节点类型":"三通","坐标x":7980.1,"坐标y":9222.5},
    {"节点编号":78,"节点类型":"三通","坐标x":7980.1,"坐标y":9545.9},
    {"节点编号":79,"节点类型":"弯头","坐标x":8036,"坐标y":8575.2},
    {"节点编号":80,"节点类型":"弯头","坐标x":8036,"坐标y":8777},
    {"节点编号":81,"节点类型":"弯头","坐标x":8048.6,"坐标y":9091.5},
    {"节点编号":82,"节点类型":"弯头","坐标x":8048.6,"坐标y":9222.5},
    {"节点编号":83,"节点类型":"盲端","坐标x":8113.5,"坐标y":7766},
    {"节点编号":84,"节点类型":"三通","坐标x":8113.5,"坐标y":8392.5},
    {"节点编号":85,"节点类型":"盲端","坐标x":8123.6,"坐标y":7766},
    {"节点编号":86,"节点类型":"三通","坐标x":8123.6,"坐标y":8392.5},
    {"节点编号":87,"节点类型":"弯头","坐标x":8145,"坐标y":8413.5},
    {"节点编号":88,"节点类型":"弯头","坐标x":8145,"坐标y":8490.7},
    {"节点编号":89,"节点类型":"弯头","坐标x":8146,"坐标y":8561.5},
    {"节点编号":90,"节点类型":"弯头","坐标x":8146,"坐标y":9101},
    {"节点编号":91,"节点类型":"弯头","坐标x":8146,"坐标y":9214},
    {"节点编号":92,"节点类型":"弯头","坐标x":8146,"坐标y":9623},
    {"节点编号":93,"节点类型":"弯头","坐标x":8147,"坐标y":8392.5},
    {"节点编号":94,"节点类型":"弯头","坐标x":8147,"坐标y":8411.5},
    {"节点编号":95,"节点类型":"弯头","坐标x":8196,"坐标y":9101},
    {"节点编号":96,"节点类型":"弯头","坐标x":8196,"坐标y":9214},
    {"节点编号":97,"节点类型":"弯头","坐标x":8444.5,"坐标y":9623},
    {"节点编号":98,"节点类型":"弯头","坐标x":8444.5,"坐标y":9639.9},
    {"节点编号":99,"节点类型":"弯头","坐标x":8508.4,"坐标y":8418},
    {"节点编号":100,"节点类型":"弯头","坐标x":8508.4,"坐标y":8490.7},
    {"节点编号":101,"节点类型":"弯头","坐标x":8508.4,"坐标y":8561.5},
    {"节点编号":102,"节点类型":"弯头","坐标x":8508.4,"坐标y":8738.3},
    {"节点编号":103,"节点类型":"三通","坐标x":8508,"坐标y":8983.4},
    {"节点编号":104,"节点类型":"盲端","坐标x":8508,"坐标y":8983.7},
    {"节点编号":105,"节点类型":"弯头","坐标x":8508,"坐标y":9232.4},
    {"节点编号":106,"节点类型":"弯头","坐标x":8508,"坐标y":9463},
    {"节点编号":107,"节点类型":"弯头","坐标x":8508,"坐标y":9639.9},
    {"节点编号":108,"节点类型":"弯头","坐标x":8508,"坐标y":9711.1},
    {"节点编号":109,"节点类型":"弯头","坐标x":8508,"坐标y":9783.5},
    {"节点编号":110,"节点类型":"弯头","坐标x":8602,"坐标y":9232.4},
    {"节点编号":111,"节点类型":"弯头","坐标x":8632.3,"坐标y":9202.1},
    {"节点编号":112,"节点类型":"弯头","坐标x":8661,"坐标y":8983.4},
    {"节点编号":113,"节点类型":"弯头","坐标x":8664,"坐标y":8418},
    {"节点编号":114,"节点类型":"弯头","坐标x":8664,"坐标y":8465.6},
    {"节点编号":115,"节点类型":"弯头","坐标x":8676.6,"坐标y":8992.4},
    {"节点编号":116,"节点类型":"弯头","坐标x":8682.5,"坐标y":8541},
    {"节点编号":117,"节点类型":"三通","坐标x":8682.5,"坐标y":8738.3},
    {"节点编号":118,"节点类型":"三通","坐标x":8682.5,"坐标y":9463},
    {"节点编号":119,"节点类型":"弯头","坐标x":8682.5,"坐标y":9667.6},
    {"节点编号":120,"节点类型":"弯头","坐标x":8682.5,"坐标y":9711.1},
    {"节点编号":121,"节点类型":"弯头","坐标x":8682.5,"坐标y":9761.1},
    {"节点编号":122,"节点类型":"三通","坐标x":8688.9,"坐标y":8992.2},
    {"节点编号":123,"节点类型":"盲端","坐标x":8688.9,"坐标y":9093.8},
    {"节点编号":124,"节点类型":"弯头","坐标x":8743.5,"坐标y":9711.6},
    {"节点编号":125,"节点类型":"弯头","坐标x":8743.5,"坐标y":9761.1},
    {"节点编号":126,"节点类型":"弯头","坐标x":8747.5,"坐标y":8552.5},
    {"节点编号":127,"节点类型":"弯头","坐标x":8747.5,"坐标y":8738.3},
    {"节点编号":128,"节点类型":"弯头","坐标x":8747.5,"坐标y":9463},
    {"节点编号":129,"节点类型":"弯头","坐标x":8747.5,"坐标y":9655.6},
    {"节点编号":130,"节点类型":"弯头","坐标x":8783.3,"坐标y":9638.1},
    {"节点编号":131,"节点类型":"盲端","坐标x":8783.3,"坐标y":9655.6},
    {"节点编号":132,"节点类型":"盲端","坐标x":8783.3,"坐标y":9667.6},
    {"节点编号":133,"节点类型":"三通","坐标x":8783.3,"坐标y":9711.6},
    {"节点编号":134,"节点类型":"三通","坐标x":8785.7,"坐标y":8465.6},
    {"节点编号":135,"节点类型":"三通","坐标x":8785.7,"坐标y":8541},
    {"节点编号":136,"节点类型":"三通","坐标x":8785.7,"坐标y":8552.5},
    {"节点编号":137,"节点类型":"弯头","坐标x":8785.7,"坐标y":8566.3},
    {"节点编号":138,"节点类型":"弯头","坐标x":8986,"坐标y":8992.4},
    {"节点编号":139,"节点类型":"弯头","坐标x":8991.4,"坐标y":8566.3},
    {"节点编号":140,"节点类型":"弯头","坐标x":8997.5,"坐标y":9003.9},
    {"节点编号":141,"节点类型":"弯头","坐标x":9004,"坐标y":9592.6},
    {"节点编号":142,"节点类型":"弯头","坐标x":9004,"坐标y":9638.1},
    {"节点编号":143,"节点类型":"三通","坐标x":9023.2,"坐标y":8465.6},
    {"节点编号":144,"节点类型":"盲端","坐标x":9023.2,"坐标y":8513.1},
    {"节点编号":145,"节点类型":"弯头","坐标x":9081.1,"坐标y":9459.9},
    {"节点编号":146,"节点类型":"弯头","坐标x":9101.4,"坐标y":9454.6},
    {"节点编号":147,"节点类型":"弯头","坐标x":9106.2,"坐标y":8764.3},
    {"节点编号":148,"节点类型":"弯头","坐标x":9122,"坐标y":9711.6},
    {"节点编号":149,"节点类型":"弯头","坐标x":9126.1,"坐标y":8769.6},
    {"节点编号":150,"节点类型":"弯头","坐标x":9131,"坐标y":9720.6},
    {"节点编号":151,"节点类型":"弯头","坐标x":9143.5,"坐标y":9690.8},
    {"节点编号":152,"节点类型":"三通","坐标x":9143.5,"坐标y":9720.6},
    {"节点编号":153,"节点类型":"弯头","坐标x":9154,"坐标y":9202.1},
    {"节点编号":154,"节点类型":"弯头","坐标x":9164.7,"坐标y":9690.8},
    {"节点编号":155,"节点类型":"三通","坐标x":9179.7,"坐标y":8465.6},
    {"节点编号":156,"节点类型":"弯头","坐标x":9179.7,"坐标y":8518.1},
    {"节点编号":157,"节点类型":"弯头","坐标x":9188.1,"坐标y":8465.6},
    {"节点编号":158,"节点类型":"弯头","坐标x":9200.8,"坐标y":9283.2},
    {"节点编号":159,"节点类型":"弯头","坐标x":9204.3,"坐标y":8904.4},
    {"节点编号":160,"节点类型":"弯头","坐标x":9204.3,"坐标y":9003.9},
    {"节点编号":161,"节点类型":"弯头","坐标x":9208.9,"坐标y":8444.8},
    {"节点编号":162,"节点类型":"弯头","坐标x":9229,"坐标y":9720.6},
    {"节点编号":163,"节点类型":"弯头","坐标x":9258,"坐标y":9737.3},
    {"节点编号":164,"节点类型":"弯头","坐标x":9350.6,"坐标y":8814.2},
    {"节点编号":165,"节点类型":"弯头","坐标x":9350.9,"坐标y":9368.2},
    {"节点编号":166,"节点类型":"弯头","坐标x":9472.1,"坐标y":9368.2},
    {"节点编号":167,"节点类型":"弯头","坐标x":9472.4,"坐标y":8814.2},
    {"节点编号":168,"节点类型":"盲端","坐标x":9573.2,"坐标y":8444.8},
    {"节点编号":169,"节点类型":"盲端","坐标x":9573.3,"坐标y":8444.8},
    {"节点编号":170,"节点类型":"弯头","坐标x":9575.1,"坐标y":9737.3},
    {"节点编号":171,"节点类型":"弯头","坐标x":9616.4,"坐标y":9713.3},
    {"节点编号":172,"节点类型":"弯头","坐标x":9619.1,"坐标y":8471.3},
    {"节点编号":173,"节点类型":"弯头","坐标x":9656.4,"坐标y":8495.5},
    {"节点编号":174,"节点类型":"弯头","坐标x":9658.5,"坐标y":9689},
    {"节点编号":175,"节点类型":"弯头","坐标x":9670.5,"坐标y":9689},
    {"节点编号":176,"节点类型":"三通","坐标x":9670.5,"坐标y":9713.3},
    {"节点编号":177,"节点类型":"三通","坐标x":9675.3,"坐标y":8471.3},
    {"节点编号":178,"节点类型":"弯头","坐标x":9675.3,"坐标y":8495.5},
    {"节点编号":179,"节点类型":"弯头","坐标x":9810,"坐标y":8336.5},
    {"节点编号":180,"节点类型":"三通","坐标x":9810,"坐标y":8444.1},
    {"节点编号":181,"节点类型":"三通","坐标x":9810,"坐标y":8454.7},
    {"节点编号":182,"节点类型":"弯头","坐标x":9810,"坐标y":8471.3},
    {"节点编号":183,"节点类型":"弯头","坐标x":9811,"坐标y":9713.3},
    {"节点编号":184,"节点类型":"弯头","坐标x":9819,"坐标y":9721.4},
    {"节点编号":185,"节点类型":"三通","坐标x":9819,"坐标y":9728.9},
    {"节点编号":186,"节点类型":"三通","坐标x":9819,"坐标y":9742.9},
    {"节点编号":187,"节点类型":"弯头","坐标x":9819,"坐标y":9808.5},
    {"节点编号":188,"节点类型":"盲端","坐标x":9844.5,"坐标y":8444.1},
    {"节点编号":189,"节点类型":"盲端","坐标x":9844.5,"坐标y":8454.7},
    {"节点编号":190,"节点类型":"盲端","坐标x":9844.5,"坐标y":9728.9},
    {"节点编号":191,"节点类型":"盲端","坐标x":9844.5,"坐标y":9742.9},
    {"节点编号":192,"节点类型":"弯头","坐标x":9862.3,"坐标y":9883.6},
    {"节点编号":193,"节点类型":"弯头","坐标x":9915.9,"坐标y":8336.5},
    {"节点编号":194,"节点类型":"弯头","坐标x":9951.4,"坐标y":8301}
]