﻿[
    {"管段编号":1,"起点编号":86,"终点编号":84,"起点x":8123.6,"起点y":8392.5,"终点x":8113.5,"终点y":8392.5,"管长":10.1},
    {"管段编号":2,"起点编号":84,"终点编号":61,"起点x":8113.5,"起点y":8392.5,"终点x":7879.9,"终点y":8392.5,"管长":233.6},
    {"管段编号":3,"起点编号":134,"终点编号":143,"起点x":8785.7,"起点y":8465.6,"终点x":9023.2,"终点y":8465.6,"管长":237.5},
    {"管段编号":4,"起点编号":143,"终点编号":155,"起点x":9023.2,"起点y":8465.6,"终点x":9179.7,"终点y":8465.6,"管长":156.5},
    {"管段编号":5,"起点编号":180,"终点编号":179,"起点x":9810,"起点y":8444.1,"终点x":9810,"终点y":8336.5,"管长":107.6},
    {"管段编号":6,"起点编号":181,"终点编号":180,"起点x":9810,"起点y":8454.7,"终点x":9810,"终点y":8444.1,"管长":10.6},
    {"管段编号":7,"起点编号":64,"终点编号":63,"起点x":7879.9,"起点y":8511.1,"终点x":7879.9,"终点y":8479.4,"管长":31.7},
    {"管段编号":8,"起点编号":76,"终点编号":75,"起点x":7980.1,"起点y":9091.5,"终点x":7980.1,"终点y":8777,"管长":314.5},
    {"管段编号":9,"起点编号":75,"终点编号":80,"起点x":7980.1,"起点y":8777,"终点x":8036,"终点y":8777,"管长":55.9},
    {"管段编号":10,"起点编号":80,"终点编号":79,"起点x":8036,"起点y":8777,"终点x":8036,"终点y":8575.2,"管长":201.8},
    {"管段编号":11,"起点编号":64,"终点编号":68,"起点x":7879.9,"起点y":8511.1,"终点x":7923.7,"终点y":8511.1,"管长":43.8},
    {"管段编号":12,"起点编号":68,"终点编号":69,"起点x":7923.7,"起点y":8511.1,"终点x":7923.7,"终点y":8575.2,"管长":64.1},
    {"管段编号":13,"起点编号":69,"终点编号":79,"起点x":7923.7,"起点y":8575.2,"终点x":8036,"终点y":8575.2,"管长":112.3},
    {"管段编号":14,"起点编号":112,"终点编号":103,"起点x":8661,"起点y":8983.4,"终点x":8508,"终点y":8983.4,"管长":153},
    {"管段编号":15,"起点编号":104,"终点编号":103,"起点x":8508,"起点y":8983.7,"终点x":8508,"终点y":8983.4,"管长":0.3},
    {"管段编号":16,"起点编号":105,"终点编号":103,"起点x":8508,"起点y":9232.4,"终点x":8508,"终点y":8983.4,"管长":249},
    {"管段编号":17,"起点编号":112,"终点编号":115,"起点x":8661,"起点y":8983.4,"终点x":8676.6,"终点y":8992.4,"管长":18.00999722},
    {"管段编号":18,"起点编号":149,"终点编号":159,"起点x":9126.1,"起点y":8769.6,"终点x":9204.3,"终点y":8904.4,"管长":155.8405595},
    {"管段编号":19,"起点编号":147,"终点编号":149,"起点x":9106.2,"起点y":8764.3,"终点x":9126.1,"终点y":8769.6,"管长":20.59368835},
    {"管段编号":20,"起点编号":160,"终点编号":159,"起点x":9204.3,"起点y":9003.9,"终点x":9204.3,"终点y":8904.4,"管长":99.5},
    {"管段编号":21,"起点编号":180,"终点编号":188,"起点x":9810,"起点y":8444.1,"终点x":9844.5,"终点y":8444.1,"管长":34.5},
    {"管段编号":22,"起点编号":168,"终点编号":172,"起点x":9573.2,"起点y":8444.8,"终点x":9619.1,"终点y":8471.3,"管长":53.00056603},
    {"管段编号":23,"起点编号":181,"终点编号":189,"起点x":9810,"起点y":8454.7,"终点x":9844.5,"终点y":8454.7,"管长":34.5},
    {"管段编号":24,"起点编号":169,"终点编号":161,"起点x":9573.3,"起点y":8444.8,"终点x":9208.9,"终点y":8444.8,"管长":364.4},
    {"管段编号":25,"起点编号":161,"终点编号":157,"起点x":9208.9,"起点y":8444.8,"终点x":9188.1,"终点y":8465.6,"管长":29.4156421},
    {"管段编号":26,"起点编号":114,"终点编号":134,"起点x":8664,"起点y":8465.6,"终点x":8785.7,"终点y":8465.6,"管长":121.7},
    {"管段编号":27,"起点编号":137,"终点编号":136,"起点x":8785.7,"起点y":8566.3,"终点x":8785.7,"终点y":8552.5,"管长":13.8},
    {"管段编号":28,"起点编号":139,"终点编号":147,"起点x":8991.4,"起点y":8566.3,"终点x":9106.2,"终点y":8764.3,"管长":228.8734148},
    {"管段编号":29,"起点编号":182,"终点编号":181,"起点x":9810,"起点y":8471.3,"终点x":9810,"终点y":8454.7,"管长":16.6},
    {"管段编号":30,"起点编号":172,"终点编号":177,"起点x":9619.1,"起点y":8471.3,"终点x":9675.3,"终点y":8471.3,"管长":56.2},
    {"管段编号":31,"起点编号":137,"终点编号":139,"起点x":8785.7,"起点y":8566.3,"终点x":8991.4,"终点y":8566.3,"管长":205.7},
    {"管段编号":32,"起点编号":99,"终点编号":113,"起点x":8508.4,"起点y":8418,"终点x":8664,"终点y":8418,"管长":155.6},
    {"管段编号":33,"起点编号":100,"终点编号":88,"起点x":8508.4,"起点y":8490.7,"终点x":8145,"终点y":8490.7,"管长":363.4},
    {"管段编号":34,"起点编号":113,"终点编号":114,"起点x":8664,"起点y":8418,"终点x":8664,"终点y":8465.6,"管长":47.6},
    {"管段编号":35,"起点编号":93,"终点编号":86,"起点x":8147,"起点y":8392.5,"终点x":8123.6,"终点y":8392.5,"管长":23.4},
    {"管段编号":36,"起点编号":84,"终点编号":83,"起点x":8113.5,"起点y":8392.5,"终点x":8113.5,"终点y":7766,"管长":626.5},
    {"管段编号":37,"起点编号":100,"终点编号":99,"起点x":8508.4,"起点y":8490.7,"终点x":8508.4,"终点y":8418,"管长":72.7},
    {"管段编号":38,"起点编号":87,"终点编号":88,"起点x":8145,"起点y":8413.5,"终点x":8145,"终点y":8490.7,"管长":77.2},
    {"管段编号":39,"起点编号":144,"终点编号":143,"起点x":9023.2,"起点y":8513.1,"终点x":9023.2,"终点y":8465.6,"管长":47.5},
    {"管段编号":40,"起点编号":94,"终点编号":93,"起点x":8147,"起点y":8411.5,"终点x":8147,"终点y":8392.5,"管长":19},
    {"管段编号":41,"起点编号":87,"终点编号":94,"起点x":8145,"起点y":8413.5,"终点x":8147,"终点y":8411.5,"管长":2.828427125},
    {"管段编号":42,"起点编号":66,"终点编号":65,"起点x":7917.5,"起点y":9638.9,"终点x":7888.9,"终点y":9638.9,"管长":28.6},
    {"管段编号":43,"起点编号":60,"终点编号":59,"起点x":7823.5,"起点y":9805.5,"终点x":7823.5,"终点y":9783.1,"管长":22.4},
    {"管段编号":44,"起点编号":73,"终点编号":67,"起点x":7941.2,"起点y":9771.2,"终点x":7917.5,"终点y":9771.2,"管长":23.7},
    {"管段编号":45,"起点编号":74,"终点编号":71,"起点x":7941.3,"起点y":9756.4,"终点x":7925.4,"终点y":9756.4,"管长":15.9},
    {"管段编号":46,"起点编号":73,"终点编号":74,"起点x":7941.2,"起点y":9771.2,"终点x":7941.3,"终点y":9756.4,"管长":14.80033783},
    {"管段编号":47,"起点编号":72,"终点编号":73,"起点x":7941.1,"起点y":9783.2,"终点x":7941.2,"终点y":9771.2,"管长":12.00041666},
    {"管段编号":48,"起点编号":66,"终点编号":67,"起点x":7917.5,"起点y":9638.9,"终点x":7917.5,"终点y":9771.2,"管长":132.3},
    {"管段编号":49,"起点编号":111,"终点编号":153,"起点x":8632.3,"起点y":9202.1,"终点x":9154,"终点y":9202.1,"管长":521.7},
    {"管段编号":50,"起点编号":110,"终点编号":111,"起点x":8602,"起点y":9232.4,"终点x":8632.3,"终点y":9202.1,"管长":42.85067094},
    {"管段编号":51,"起点编号":81,"终点编号":76,"起点x":8048.6,"起点y":9091.5,"终点x":7980.1,"终点y":9091.5,"管长":68.5},
    {"管段编号":52,"起点编号":82,"终点编号":81,"起点x":8048.6,"起点y":9222.5,"终点x":8048.6,"终点y":9091.5,"管长":131},
    {"管段编号":53,"起点编号":77,"终点编号":82,"起点x":7980.1,"起点y":9222.5,"终点x":8048.6,"终点y":9222.5,"管长":68.5},
    {"管段编号":54,"起点编号":122,"终点编号":123,"起点x":8688.9,"起点y":8992.2,"终点x":8688.9,"终点y":9093.8,"管长":101.6},
    {"管段编号":55,"起点编号":29,"终点编号":28,"起点x":11115,"起点y":9814.5,"终点x":11111,"终点y":9810.5,"管长":5.656854249},
    {"管段编号":56,"起点编号":29,"终点编号":32,"起点x":11115,"起点y":9814.5,"终点x":11344.5,"终点y":9814.5,"管长":229.5},
    {"管段编号":57,"起点编号":3,"终点编号":4,"起点x":10793.9,"起点y":9883.6,"终点x":10867,"终点y":9810.5,"管长":103.3790114},
    {"管段编号":58,"起点编号":187,"终点编号":192,"起点x":9819,"起点y":9808.5,"终点x":9862.3,"终点y":9883.6,"管长":86.68852289},
    {"管段编号":59,"起点编号":32,"终点编号":33,"起点x":11344.5,"起点y":9814.5,"终点x":11344.5,"终点y":9958,"管长":143.5},
    {"管段编号":60,"起点编号":36,"终点编号":37,"起点x":11755,"起点y":9834,"终点x":11755,"终点y":9958,"管长":124},
    {"管段编号":61,"起点编号":192,"终点编号":3,"起点x":9862.3,"起点y":9883.6,"终点x":10793.9,"终点y":9883.6,"管长":931.6},
    {"管段编号":62,"起点编号":183,"终点编号":184,"起点x":9811,"起点y":9713.3,"终点x":9819,"终点y":9721.4,"管长":11.38463877},
    {"管段编号":63,"起点编号":163,"终点编号":170,"起点x":9258,"起点y":9737.3,"终点x":9575.1,"终点y":9737.3,"管长":317.1},
    {"管段编号":64,"起点编号":190,"终点编号":185,"起点x":9844.5,"起点y":9728.9,"终点x":9819,"终点y":9728.9,"管长":25.5},
    {"管段编号":65,"起点编号":4,"终点编号":28,"起点x":10867,"起点y":9810.5,"终点x":11111,"终点y":9810.5,"管长":244},
    {"管段编号":66,"起点编号":191,"终点编号":186,"起点x":9844.5,"起点y":9742.9,"终点x":9819,"终点y":9742.9,"管长":25.5},
    {"管段编号":67,"起点编号":148,"终点编号":150,"起点x":9122,"起点y":9711.6,"终点x":9131,"终点y":9720.6,"管长":12.72792206},
    {"管段编号":68,"起点编号":133,"终点编号":148,"起点x":8783.3,"起点y":9711.6,"终点x":9122,"终点y":9711.6,"管长":338.7},
    {"管段编号":69,"起点编号":124,"终点编号":133,"起点x":8743.5,"起点y":9711.6,"终点x":8783.3,"终点y":9711.6,"管长":39.8},
    {"管段编号":70,"起点编号":150,"终点编号":152,"起点x":9131,"起点y":9720.6,"终点x":9143.5,"终点y":9720.6,"管长":12.5},
    {"管段编号":71,"起点编号":130,"终点编号":142,"起点x":8783.3,"起点y":9638.1,"终点x":9004,"终点y":9638.1,"管长":220.7},
    {"管段编号":72,"起点编号":138,"终点编号":140,"起点x":8986,"起点y":8992.4,"终点x":8997.5,"终点y":9003.9,"管长":16.26345597},
    {"管段编号":73,"起点编号":122,"终点编号":115,"起点x":8688.9,"起点y":8992.2,"终点x":8676.6,"终点y":8992.4,"管长":12.30162591},
    {"管段编号":74,"起点编号":138,"终点编号":122,"起点x":8986,"起点y":8992.4,"终点x":8688.9,"终点y":8992.2,"管长":297.1000673},
    {"管段编号":75,"起点编号":186,"终点编号":187,"起点x":9819,"起点y":9742.9,"终点x":9819,"终点y":9808.5,"管长":65.6},
    {"管段编号":76,"起点编号":185,"终点编号":186,"起点x":9819,"起点y":9728.9,"终点x":9819,"终点y":9742.9,"管长":14},
    {"管段编号":77,"起点编号":184,"终点编号":185,"起点x":9819,"起点y":9721.4,"终点x":9819,"终点y":9728.9,"管长":7.5},
    {"管段编号":78,"起点编号":160,"终点编号":140,"起点x":9204.3,"起点y":9003.9,"终点x":8997.5,"终点y":9003.9,"管长":206.8},
    {"管段编号":79,"起点编号":153,"终点编号":158,"起点x":9154,"起点y":9202.1,"终点x":9200.8,"终点y":9283.2,"管长":93.63466239},
    {"管段编号":80,"起点编号":146,"终点编号":145,"起点x":9101.4,"起点y":9454.6,"终点x":9081.1,"终点y":9459.9,"管长":20.98046711},
    {"管段编号":81,"起点编号":142,"终点编号":141,"起点x":9004,"起点y":9638.1,"终点x":9004,"终点y":9592.6,"管长":45.5},
    {"管段编号":82,"起点编号":141,"终点编号":145,"起点x":9004,"起点y":9592.6,"终点x":9081.1,"终点y":9459.9,"管长":153.4721473},
    {"管段编号":83,"起点编号":158,"终点编号":146,"起点x":9200.8,"起点y":9283.2,"终点x":9101.4,"终点y":9454.6,"管长":198.1371242},
    {"管段编号":84,"起点编号":170,"终点编号":171,"起点x":9575.1,"起点y":9737.3,"终点x":9616.4,"终点y":9713.3,"管长":47.76703884},
    {"管段编号":85,"起点编号":162,"终点编号":163,"起点x":9229,"起点y":9720.6,"终点x":9258,"终点y":9737.3,"管长":33.46475758},
    {"管段编号":86,"起点编号":183,"终点编号":176,"起点x":9811,"起点y":9713.3,"终点x":9670.5,"终点y":9713.3,"管长":140.5},
    {"管段编号":87,"起点编号":109,"终点编号":72,"起点x":8508,"起点y":9783.5,"终点x":7941.1,"终点y":9783.2,"管长":566.9000794},
    {"管段编号":88,"起点编号":121,"终点编号":125,"起点x":8682.5,"起点y":9761.1,"终点x":8743.5,"终点y":9761.1,"管长":61},
    {"管段编号":89,"起点编号":121,"终点编号":120,"起点x":8682.5,"起点y":9761.1,"终点x":8682.5,"终点y":9711.1,"管长":50},
    {"管段编号":90,"起点编号":108,"终点编号":120,"起点x":8508,"起点y":9711.1,"终点x":8682.5,"终点y":9711.1,"管长":174.5},
    {"管段编号":91,"起点编号":109,"终点编号":108,"起点x":8508,"起点y":9783.5,"终点x":8508,"终点y":9711.1,"管长":72.4},
    {"管段编号":92,"起点编号":125,"终点编号":124,"起点x":8743.5,"起点y":9761.1,"终点x":8743.5,"终点y":9711.6,"管长":49.5},
    {"管段编号":93,"起点编号":105,"终点编号":110,"起点x":8508,"起点y":9232.4,"终点x":8602,"终点y":9232.4,"管长":94},
    {"管段编号":94,"起点编号":133,"终点编号":130,"起点x":8783.3,"起点y":9711.6,"终点x":8783.3,"终点y":9638.1,"管长":73.5},
    {"管段编号":95,"起点编号":58,"终点编号":57,"起点x":7771,"起点y":9805.5,"终点x":7766,"终点y":9810.5,"管长":7.071067812},
    {"管段编号":96,"起点编号":52,"终点编号":51,"起点x":7533.2,"起点y":9810.5,"终点x":7533.2,"终点y":9670,"管长":140.5},
    {"管段编号":97,"起点编号":59,"终点编号":72,"起点x":7823.5,"起点y":9783.1,"终点x":7941.1,"终点y":9783.2,"管长":117.6000425},
    {"管段编号":98,"起点编号":70,"终点编号":71,"起点x":7925.4,"起点y":9587.6,"终点x":7925.4,"终点y":9756.4,"管长":168.8},
    {"管段编号":99,"起点编号":70,"终点编号":78,"起点x":7925.4,"起点y":9587.6,"终点x":7980.1,"终点y":9545.9,"管长":68.78211977},
    {"管段编号":100,"起点编号":57,"终点编号":52,"起点x":7766,"起点y":9810.5,"终点x":7533.2,"终点y":9810.5,"管长":232.8},
    {"管段编号":101,"起点编号":77,"终点编号":78,"起点x":7980.1,"起点y":9222.5,"终点x":7980.1,"终点y":9545.9,"管长":323.4},
    {"管段编号":102,"起点编号":78,"终点编号":77,"起点x":7980.1,"起点y":9545.9,"终点x":7980.1,"终点y":9222.5,"管长":323.4},
    {"管段编号":103,"起点编号":58,"终点编号":60,"起点x":7771,"起点y":9805.5,"终点x":7823.5,"终点y":9805.5,"管长":52.5},
    {"管段编号":104,"起点编号":44,"终点编号":46,"起点x":12518.1,"起点y":8502.4,"终点x":12525.9,"终点y":8502.4,"管长":7.8},
    {"管段编号":105,"起点编号":43,"终点编号":44,"起点x":12517.9,"起点y":8476.4,"终点x":12518.1,"终点y":8502.4,"管长":26.00076922},
    {"管段编号":106,"起点编号":2,"终点编号":1,"起点x":10258.7,"起点y":8298.5,"终点x":10256.2,"终点y":8301,"管长":3.535533906},
    {"管段编号":107,"起点编号":194,"终点编号":1,"起点x":9951.4,"起点y":8301,"终点x":10256.2,"终点y":8301,"管长":304.8},
    {"管段编号":108,"起点编号":2,"终点编号":5,"起点x":10258.7,"起点y":8298.5,"终点x":10963.4,"终点y":8298.5,"管长":704.7},
    {"管段编号":109,"起点编号":179,"终点编号":193,"起点x":9810,"起点y":8336.5,"终点x":9915.9,"终点y":8336.5,"管长":105.9},
    {"管段编号":110,"起点编号":35,"终点编号":34,"起点x":11642.5,"起点y":8244.5,"终点x":11631,"终点y":8256,"管长":16.26345597},
    {"管段编号":111,"起点编号":48,"终点编号":38,"起点x":12911.3,"起点y":8498.9,"终点x":12286.5,"终点y":9834,"管长":1474.064805},
    {"管段编号":112,"起点编号":38,"终点编号":36,"起点x":12286.5,"起点y":9834,"终点x":11755,"终点y":9834,"管长":531.5},
    {"管段编号":113,"起点编号":48,"终点编号":47,"起点x":12911.3,"起点y":8498.9,"终点x":12859.5,"终点y":8476.4,"管长":56.47556994},
    {"管段编号":114,"起点编号":47,"终点编号":43,"起点x":12859.5,"起点y":8476.4,"终点x":12517.9,"终点y":8476.4,"管长":341.6},
    {"管段编号":115,"起点编号":42,"终点编号":45,"起点x":12477.6,"起点y":8509.8,"终点x":12525.3,"终点y":8509.8,"管长":47.7},
    {"管段编号":116,"起点编号":45,"终点编号":42,"起点x":12525.3,"起点y":8509.8,"终点x":12477.6,"终点y":8509.8,"管长":47.7},
    {"管段编号":117,"起点编号":42,"终点编号":41,"起点x":12477.6,"起点y":8509.8,"终点x":12477.6,"终点y":8254.8,"管长":255},
    {"管段编号":118,"起点编号":41,"终点编号":42,"起点x":12477.6,"起点y":8254.8,"终点x":12477.6,"终点y":8509.8,"管长":255},
    {"管段编号":119,"起点编号":41,"终点编号":40,"起点x":12477.6,"起点y":8254.8,"终点x":12421,"终点y":8254.8,"管长":56.6},
    {"管段编号":120,"起点编号":40,"终点编号":41,"起点x":12421,"起点y":8254.8,"终点x":12477.6,"终点y":8254.8,"管长":56.6},
    {"管段编号":121,"起点编号":40,"终点编号":39,"起点x":12421,"起点y":8254.8,"终点x":12421,"终点y":8244.5,"管长":10.3},
    {"管段编号":122,"起点编号":39,"终点编号":40,"起点x":12421,"起点y":8244.5,"终点x":12421,"终点y":8254.8,"管长":10.3},
    {"管段编号":123,"起点编号":16,"终点编号":17,"起点x":10983.5,"起点y":8370.5,"终点x":10983.5,"终点y":8503.4,"管长":132.9},
    {"管段编号":124,"起点编号":12,"终点编号":13,"起点x":10975.5,"起点y":8370.5,"终点x":10975.5,"终点y":8503.4,"管长":132.9},
    {"管段编号":125,"起点编号":34,"终点编号":30,"起点x":11631,"起点y":8256,"终点x":11272.5,"终点y":8256,"管长":358.5},
    {"管段编号":126,"起点编号":31,"终点编号":30,"起点x":11272.5,"起点y":8372.5,"终点x":11272.5,"终点y":8256,"管长":116.5},
    {"管段编号":127,"起点编号":193,"终点编号":194,"起点x":9915.9,"起点y":8336.5,"终点x":9951.4,"终点y":8301,"管长":50.20458146},
    {"管段编号":128,"起点编号":20,"终点编号":21,"起点x":11008.8,"起点y":8370.5,"终点x":11010.8,"终点y":8372.5,"管长":2.828427125},
    {"管段编号":129,"起点编号":16,"终点编号":20,"起点x":10983.5,"起点y":8370.5,"终点x":11008.8,"终点y":8370.5,"管长":25.3},
    {"管段编号":130,"起点编号":12,"终点编号":16,"起点x":10975.5,"起点y":8370.5,"终点x":10983.5,"终点y":8370.5,"管长":8},
    {"管段编号":131,"起点编号":6,"终点编号":12,"起点x":10963.4,"起点y":8370.5,"终点x":10975.5,"终点y":8370.5,"管长":12.1},
    {"管段编号":132,"起点编号":21,"终点编号":31,"起点x":11010.8,"起点y":8372.5,"终点x":11272.5,"终点y":8372.5,"管长":261.7},
    {"管段编号":133,"起点编号":35,"终点编号":39,"起点x":11642.5,"起点y":8244.5,"终点x":12421,"终点y":8244.5,"管长":778.5},
    {"管段编号":134,"起点编号":6,"终点编号":5,"起点x":10963.4,"起点y":8370.5,"终点x":10963.4,"终点y":8298.5,"管长":72},
    {"管段编号":135,"起点编号":7,"终点编号":6,"起点x":10963.4,"起点y":8370.9,"终点x":10963.4,"终点y":8370.5,"管长":0.4},
    {"管段编号":136,"起点编号":86,"终点编号":85,"起点x":8123.6,"起点y":8392.5,"终点x":8123.6,"终点y":7766,"管长":626.5},
    {"管段编号":137,"起点编号":37,"终点编号":33,"起点x":11755,"起点y":9958,"终点x":11344.5,"终点y":9958,"管长":410.5},
    {"管段编号":138,"起点编号":176,"终点编号":171,"起点x":9670.5,"起点y":9713.3,"终点x":9616.4,"终点y":9713.3,"管长":54.1},
    {"管段编号":139,"起点编号":152,"终点编号":162,"起点x":9143.5,"起点y":9720.6,"终点x":9229,"终点y":9720.6,"管长":85.5},
    {"管段编号":140,"起点编号":177,"终点编号":182,"起点x":9675.3,"起点y":8471.3,"终点x":9810,"终点y":8471.3,"管长":134.7},
    {"管段编号":141,"起点编号":155,"终点编号":157,"起点x":9179.7,"起点y":8465.6,"终点x":9188.1,"终点y":8465.6,"管长":8.4},
    {"管段编号":142,"起点编号":135,"终点编号":134,"起点x":8785.7,"起点y":8541,"终点x":8785.7,"终点y":8465.6,"管长":75.4},
    {"管段编号":143,"起点编号":136,"终点编号":135,"起点x":8785.7,"起点y":8552.5,"终点x":8785.7,"终点y":8541,"管长":11.5},
    {"管段编号":144,"起点编号":62,"终点编号":61,"起点x":7879.9,"起点y":8471.4,"终点x":7879.9,"终点y":8392.5,"管长":78.9},
    {"管段编号":145,"起点编号":63,"终点编号":62,"起点x":7879.9,"起点y":8479.4,"终点x":7879.9,"终点y":8471.4,"管长":8},
    {"管段编号":146,"起点编号":97,"终点编号":98,"起点x":8444.5,"起点y":9623,"终点x":8444.5,"终点y":9639.9,"管长":16.9},
    {"管段编号":147,"起点编号":91,"终点编号":96,"起点x":8146,"起点y":9214,"终点x":8196,"终点y":9214,"管长":50},
    {"管段编号":148,"起点编号":95,"终点编号":96,"起点x":8196,"起点y":9101,"终点x":8196,"终点y":9214,"管长":113},
    {"管段编号":149,"起点编号":90,"终点编号":95,"起点x":8146,"起点y":9101,"终点x":8196,"终点y":9101,"管长":50},
    {"管段编号":150,"起点编号":131,"终点编号":129,"起点x":8783.3,"起点y":9655.6,"终点x":8747.5,"终点y":9655.6,"管长":35.8},
    {"管段编号":151,"起点编号":127,"终点编号":126,"起点x":8747.5,"起点y":8738.3,"终点x":8747.5,"终点y":8552.5,"管长":185.8},
    {"管段编号":152,"起点编号":136,"终点编号":126,"起点x":8785.7,"起点y":8552.5,"终点x":8747.5,"终点y":8552.5,"管长":38.2},
    {"管段编号":153,"起点编号":102,"终点编号":101,"起点x":8508.4,"起点y":8738.3,"终点x":8508.4,"终点y":8561.5,"管长":176.8},
    {"管段编号":154,"起点编号":98,"终点编号":107,"起点x":8444.5,"起点y":9639.9,"终点x":8508,"终点y":9639.9,"管长":63.5},
    {"管段编号":155,"起点编号":107,"终点编号":106,"起点x":8508,"起点y":9639.9,"终点x":8508,"终点y":9463,"管长":176.9},
    {"管段编号":156,"起点编号":128,"终点编号":118,"起点x":8747.5,"起点y":9463,"终点x":8682.5,"终点y":9463,"管长":65},
    {"管段编号":157,"起点编号":129,"终点编号":128,"起点x":8747.5,"起点y":9655.6,"终点x":8747.5,"终点y":9463,"管长":192.6},
    {"管段编号":158,"起点编号":92,"终点编号":97,"起点x":8146,"起点y":9623,"终点x":8444.5,"终点y":9623,"管长":298.5},
    {"管段编号":159,"起点编号":91,"终点编号":92,"起点x":8146,"起点y":9214,"终点x":8146,"终点y":9623,"管长":409},
    {"管段编号":160,"起点编号":89,"终点编号":101,"起点x":8146,"起点y":8561.5,"终点x":8508.4,"终点y":8561.5,"管长":362.4},
    {"管段编号":161,"起点编号":89,"终点编号":90,"起点x":8146,"起点y":8561.5,"终点x":8146,"终点y":9101,"管长":539.5},
    {"管段编号":162,"起点编号":127,"终点编号":117,"起点x":8747.5,"起点y":8738.3,"终点x":8682.5,"终点y":8738.3,"管长":65},
    {"管段编号":163,"起点编号":117,"终点编号":102,"起点x":8682.5,"起点y":8738.3,"终点x":8508.4,"终点y":8738.3,"管长":174.1},
    {"管段编号":164,"起点编号":118,"终点编号":106,"起点x":8682.5,"起点y":9463,"终点x":8508,"终点y":9463,"管长":174.5},
    {"管段编号":165,"起点编号":10,"终点编号":27,"起点x":10971.4,"起点y":9656.8,"终点x":11026.5,"终点y":9656.8,"管长":55.1},
    {"管段编号":166,"起点编号":10,"终点编号":11,"起点x":10971.4,"起点y":9656.8,"终点x":10971.4,"终点y":9708.7,"管长":51.9},
    {"管段编号":167,"起点编号":18,"终点编号":11,"起点x":10987.8,"起点y":9725.1,"终点x":10971.4,"终点y":9708.7,"管长":23.19310242},
    {"管段编号":168,"起点编号":8,"终点编号":24,"起点x":10963.7,"起点y":9650,"终点x":11018.5,"终点y":9650,"管长":54.8},
    {"管段编号":169,"起点编号":8,"终点编号":9,"起点x":10963.7,"起点y":9650,"终点x":10963.7,"终点y":9710.4,"管长":60.4},
    {"管段编号":170,"起点编号":14,"终点编号":9,"起点x":10979.8,"起点y":9726.5,"终点x":10963.7,"终点y":9710.4,"管长":22.76883835},
    {"管段编号":171,"起点编号":132,"终点编号":119,"起点x":8783.3,"起点y":9667.6,"终点x":8682.5,"终点y":9667.6,"管长":100.8},
    {"管段编号":172,"起点编号":175,"终点编号":174,"起点x":9670.5,"起点y":9689,"终点x":9658.5,"终点y":9689,"管长":12},
    {"管段编号":173,"起点编号":176,"终点编号":175,"起点x":9670.5,"起点y":9713.3,"终点x":9670.5,"终点y":9689,"管长":24.3},
    {"管段编号":174,"起点编号":53,"终点编号":55,"起点x":7726.4,"起点y":8466.3,"终点x":7731.5,"终点y":8471.4,"管长":7.212489168},
    {"管段编号":175,"起点编号":62,"终点编号":55,"起点x":7879.9,"起点y":8471.4,"终点x":7731.5,"终点y":8471.4,"管长":148.4},
    {"管段编号":176,"起点编号":22,"终点编号":23,"起点x":11018.5,"起点y":9240.8,"终点x":11018.5,"终点y":9422.4,"管长":181.6},
    {"管段编号":177,"起点编号":23,"终点编号":24,"起点x":11018.5,"起点y":9422.4,"终点x":11018.5,"终点y":9650,"管长":227.6},
    {"管段编号":178,"起点编号":25,"终点编号":26,"起点x":11026.5,"起点y":9240.8,"终点x":11026.5,"终点y":9428.9,"管长":188.1},
    {"管段编号":179,"起点编号":14,"终点编号":15,"起点x":10979.8,"起点y":9726.5,"终点x":10979.8,"终点y":9810.5,"管长":84},
    {"管段编号":180,"起点编号":18,"终点编号":19,"起点x":10987.8,"起点y":9725.1,"终点x":10987.8,"终点y":9810.5,"管长":85.4},
    {"管段编号":181,"起点编号":26,"终点编号":27,"起点x":11026.5,"起点y":9428.9,"终点x":11026.5,"终点y":9656.8,"管长":227.9},
    {"管段编号":182,"起点编号":166,"终点编号":165,"起点x":9472.1,"起点y":9368.2,"终点x":9350.9,"终点y":9368.2,"管长":121.2},
    {"管段编号":183,"起点编号":174,"终点编号":166,"起点x":9658.5,"起点y":9689,"终点x":9472.1,"终点y":9368.2,"管长":371.0223713},
    {"管段编号":184,"起点编号":165,"终点编号":154,"起点x":9350.9,"起点y":9368.2,"终点x":9164.7,"终点y":9690.8,"管长":372.4797981},
    {"管段编号":185,"起点编号":118,"终点编号":119,"起点x":8682.5,"起点y":9463,"终点x":8682.5,"终点y":9667.6,"管长":204.6},
    {"管段编号":186,"起点编号":173,"终点编号":167,"起点x":9656.4,"起点y":8495.5,"终点x":9472.4,"终点y":8814.2,"管长":368.0022962},
    {"管段编号":187,"起点编号":151,"终点编号":154,"起点x":9143.5,"起点y":9690.8,"终点x":9164.7,"终点y":9690.8,"管长":21.2},
    {"管段编号":188,"起点编号":152,"终点编号":151,"起点x":9143.5,"起点y":9720.6,"终点x":9143.5,"终点y":9690.8,"管长":29.8},
    {"管段编号":189,"起点编号":22,"终点编号":25,"起点x":11018.5,"起点y":9240.8,"终点x":11026.5,"终点y":9240.8,"管长":8},
    {"管段编号":190,"起点编号":63,"终点编号":56,"起点x":7879.9,"起点y":8479.4,"终点x":7732.3,"终点y":8479.4,"管长":147.6},
    {"管段编号":191,"起点编号":53,"终点编号":49,"起点x":7726.4,"起点y":8466.3,"终点x":7269.7,"终点y":8466.3,"管长":456.7},
    {"管段编号":192,"起点编号":54,"终点编号":56,"起点x":7728.9,"起点y":8476,"终点x":7732.3,"终点y":8479.4,"管长":4.808326112},
    {"管段编号":193,"起点编号":50,"终点编号":54,"起点x":7270,"起点y":8476,"终点x":7728.9,"终点y":8476,"管长":458.9},
    {"管段编号":194,"起点编号":178,"终点编号":173,"起点x":9675.3,"起点y":8495.5,"终点x":9656.4,"终点y":8495.5,"管长":18.9},
    {"管段编号":195,"起点编号":156,"终点编号":155,"起点x":9179.7,"起点y":8518.1,"终点x":9179.7,"终点y":8465.6,"管长":52.5},
    {"管段编号":196,"起点编号":116,"终点编号":135,"起点x":8682.5,"起点y":8541,"终点x":8785.7,"终点y":8541,"管长":103.2},
    {"管段编号":197,"起点编号":164,"终点编号":156,"起点x":9350.6,"起点y":8814.2,"终点x":9179.7,"终点y":8518.1,"管长":341.8801252},
    {"管段编号":198,"起点编号":164,"终点编号":167,"起点x":9350.6,"起点y":8814.2,"终点x":9472.4,"终点y":8814.2,"管长":121.8},
    {"管段编号":199,"起点编号":177,"终点编号":178,"起点x":9675.3,"起点y":8471.3,"终点x":9675.3,"终点y":8495.5,"管长":24.2},
    {"管段编号":200,"起点编号":117,"终点编号":116,"起点x":8682.5,"起点y":8738.3,"终点x":8682.5,"终点y":8541,"管长":197.3}
]