<mxGraphModel>
    <root>
        <mxCell id="0"/>
        <mxCell id="1" parent="0"/>
        <mxCell id="4" style="shape=supply;fillColor=red;strokeColor=blue" vertex="1" parent="1">
            <mxGeometry x="62" y="79" width="20" height="30" as="geometry"/>
        </mxCell>
        <mxCell id="5" style="shape=pipe;fillColor=red;strokeColor=blue" vertex="1" parent="1">
            <mxGeometry x="190" y="83" width="40" height="5" as="geometry"/>
        </mxCell>
        <mxCell id="6" style="exitX=0.5;exitY=1;exitDx=0;exitDy=0;entryX=0;entryY=0.5;entryDx=0;entryDy=0;" 
            edge="1" parent="1" source="4" target="5">
            <mxGeometry relative="1" as="geometry"/>
        </mxCell>
        <mxCell id="7" style="shape=pump;fillColor=rgb(100, 255, 0);strokeColorrgb(100, 255, 0)" vertex="1" parent="1">
            <mxGeometry x="332" y="78" width="25" height="25" as="geometry"/>
        </mxCell>
        <mxCell id="8" style="exitX=1;exitY=0.5;exitDx=0;exitDy=0;entryX=0;entryY=0.5;entryDx=0;entryDy=0;" 
            edge="1" parent="1" source="5" target="7">
            <mxGeometry relative="1" as="geometry"/>
        </mxCell>
    </root>
</mxGraphModel>