{"mxGraphModel":{"root":{"mxCell":[{"_id":"0"},{"_id":"1","_parent":"0"},{"mxGeometry":{"_x":"169.99996826171875","_y":"209.99999938964845","_width":"29","_height":"30","_as":"geometry"},"_id":"2","_parent":"1","_style":"shape=delivery;fillColor=rgb(100, 255, 0);strokeColor=blue","_vertex":"1"},{"mxGeometry":{"_x":"259.99995849609376","_y":"219.99999328613282","_width":"25","_height":"25","_as":"geometry"},"_id":"3","_parent":"1","_style":"shape=pump;fillColor=red;strokeColor=red","_vertex":"1"},{"mxGeometry":{"_x":"339.9999560546875","_y":"219.9999969482422","_width":"25","_height":"25","_as":"geometry"},"_id":"4","_parent":"1","_style":"shape=cylinder;fillColor=lightgrey;strokeColor=black","_vertex":"1"},{"mxGeometry":{"_as":"geometry","_relative":"1"},"_id":"5","_target":"3","_parent":"1","_style":"exitX=0.5;exitY=1;exitDx=0;exitDy=0;entryX=0;entryY=0.5;entryDx=0;entryDy=0;","_edge":"1","_source":"2"},{"mxGeometry":{"_as":"geometry","_relative":"1"},"_id":"6","_target":"4","_parent":"1","_style":"exitX=1;exitY=0.5;exitDx=0;exitDy=0;entryX=0;entryY=0.5;entryDx=0;entryDy=0;","_edge":"1","_source":"3"}]}}}