<mxGraphModel><root><mxCell id="0" /><mxCell id="1" parent="0" /><mxCell id="2" parent="1" style="shape=delivery;fillColor=rgb(100, 255, 0);strokeColor=blue" vertex="1"><mxGeometry x="169.99996826171875" y="209.99999938964845" width="29" height="30" as="geometry" /></mxCell><mxCell id="3" parent="1" style="shape=pump;fillColor=red;strokeColor=red" vertex="1"><mxGeometry x="259.99995849609376" y="219.99999328613282" width="25" height="25" as="geometry" /></mxCell><mxCell id="4" parent="1" style="shape=cylinder;fillColor=lightgrey;strokeColor=black" vertex="1"><mxGeometry x="339.9999560546875" y="219.9999969482422" width="25" height="25" as="geometry" /></mxCell><mxCell id="5" target="3" parent="1" style="exitX=0.5;exitY=1;exitDx=0;exitDy=0;entryX=0;entryY=0.5;entryDx=0;entryDy=0;" edge="1" source="2"><mxGeometry as="geometry" relative="1" /></mxCell><mxCell id="6" target="4" parent="1" style="exitX=1;exitY=0.5;exitDx=0;exitDy=0;entryX=0;entryY=0.5;entryDx=0;entryDy=0;" edge="1" source="3"><mxGeometry as="geometry" relative="1" /></mxCell></root></mxGraphModel>