[

    { "节点编号": 1, "节点类型": "弯头", "坐标x": 10, "坐标y": 10 },
    { "节点编号": 2, "节点类型": "弯头", "坐标x": 12, "坐标y": 10 },
    { "节点编号": 3, "节点类型": "弯头", "坐标x": 14, "坐标y": 10.6 },
    { "节点编号": 4, "节点类型": "弯头", "坐标x": 16, "坐标y": 10.5 },
    { "节点编号": 5, "节点类型": "弯头", "坐标x": 18.4, "坐标y": 10.5 },
    { "节点编号": 6, "节点类型": "三通", "坐标x": 20.4, "坐标y": 10.5 },
    { "节点编号": 7, "节点类型": "盲端", "坐标x": 22.4, "坐标y": 10.9 },
    { "节点编号": 8, "节点类型": "弯头", "坐标x": 24.7, "坐标y": 10 }

]