[
    { "节点编号": 9, "节点类型": "盲端", "坐标x": 10.2, "坐标y": 20 },
    { "节点编号": 10, "节点类型": "弯头", "坐标x": 15.2, "坐标y": 20.5 },
    { "节点编号": 11, "节点类型": "弯头", "坐标x": 25.4, "坐标y": 20.3 },
    { "节点编号": 12, "节点类型": "弯头", "坐标x": 30.9, "坐标y": 20 },
    { "节点编号": 13, "节点类型": "弯头", "坐标x": 35.5, "坐标y": 20.4 },
    { "节点编号": 14, "节点类型": "弯头", "坐标x": 40.3, "坐标y": 20.4 },
    { "节点编号": 15, "节点类型": "弯头", "坐标x": 45, "坐标y": 20.5 },
    { "节点编号": 16, "节点类型": "弯头", "坐标x": 50, "坐标y": 20.5 }

]