﻿[
    { "管段编号": 1, "起点编号": 1, "终点编号": 2, "起点x": 8123.6, "起点y": 8392.5, "终点x": 8113.5, "终点y": 8392.5, "管长": 10.1 },
    { "管段编号": 2, "起点编号": 2, "终点编号": 3, "起点x": 8113.5, "起点y": 8392.5, "终点x": 7879.9, "终点y": 8392.5, "管长": 233.6 },
    { "管段编号": 3, "起点编号": 3, "终点编号": 4, "起点x": 8785.7, "起点y": 8465.6, "终点x": 9023.2, "终点y": 8465.6, "管长": 237.5 },
    { "管段编号": 4, "起点编号": 4, "终点编号": 5, "起点x": 9023.2, "起点y": 8465.6, "终点x": 9179.7, "终点y": 8465.6, "管长": 156.5 },
    { "管段编号": 5, "起点编号": 5, "终点编号": 6, "起点x": 9810, "起点y": 8444.1, "终点x": 9810, "终点y": 8336.5, "管长": 107.6 },
    { "管段编号": 6, "起点编号": 6, "终点编号": 7, "起点x": 9810, "起点y": 8454.7, "终点x": 9810, "终点y": 8444.1, "管长": 10.6 }

]